,Dependents,Education,Self_Employed,ApplicantIncome,CoapplicantIncome,LoanAmount,Loan_Amount_Term,Credit_History,Property_Area,Loan_Amount_Term1,app_income_cut,coapp_income_cut,Loan_StatusNum
0,0,Graduate,No,5849,0.0,146.41,360.0,1.0,Urban,200-500,0-12.5K,0-5K,1
1,1,Graduate,No,4583,1508.0,128.0,360.0,1.0,Rural,200-500,0-12.5K,0-5K,0
2,0,Graduate,Yes,3000,0.0,66.0,360.0,1.0,Urban,200-500,0-12.5K,0-5K,1
3,0,Not Graduate,No,2583,2358.0,120.0,360.0,1.0,Urban,200-500,0-12.5K,0-5K,1
4,0,Graduate,No,6000,0.0,141.0,360.0,1.0,Urban,200-500,0-12.5K,0-5K,1
5,2,Graduate,Yes,5417,4196.0,267.0,360.0,1.0,Urban,200-500,0-12.5K,0-5K,1
6,0,Not Graduate,No,2333,1516.0,95.0,360.0,1.0,Urban,200-500,0-12.5K,0-5K,1
7,3+,Graduate,No,3036,2504.0,158.0,360.0,0.0,Semiurban,200-500,0-12.5K,0-5K,0
8,2,Graduate,No,4006,1526.0,168.0,360.0,1.0,Urban,200-500,0-12.5K,0-5K,1
9,1,Graduate,No,12841,10968.0,349.0,360.0,1.0,Semiurban,200-500,12.5K-25K,10K+,0
10,2,Graduate,No,3200,700.0,70.0,360.0,1.0,Urban,200-500,0-12.5K,0-5K,1
12,2,Graduate,No,3073,8106.0,200.0,360.0,1.0,Urban,200-500,0-12.5K,5K-10K,1
13,0,Graduate,No,1853,2840.0,114.0,360.0,1.0,Rural,200-500,0-12.5K,0-5K,0
14,2,Graduate,No,1299,1086.0,17.0,120.0,1.0,Urban,100-200,0-12.5K,0-5K,1
15,0,Graduate,No,4950,0.0,125.0,360.0,1.0,Urban,200-500,0-12.5K,0-5K,1
17,0,Graduate,No,3510,0.0,76.0,360.0,0.0,Urban,200-500,0-12.5K,0-5K,0
18,0,Not Graduate,No,4887,0.0,133.0,360.0,1.0,Rural,200-500,0-12.5K,0-5K,0
20,0,Not Graduate,No,7660,0.0,104.0,360.0,0.0,Urban,200-500,0-12.5K,0-5K,0
21,1,Graduate,No,5955,5625.0,315.0,360.0,1.0,Urban,200-500,0-12.5K,5K-10K,1
22,0,Not Graduate,No,2600,1911.0,116.0,360.0,0.0,Semiurban,200-500,0-12.5K,0-5K,0
25,0,Graduate,Yes,9560,0.0,191.0,360.0,1.0,Semiurban,200-500,0-12.5K,0-5K,1
26,0,Graduate,No,2799,2253.0,122.0,360.0,1.0,Semiurban,200-500,0-12.5K,0-5K,1
27,2,Not Graduate,No,4226,1040.0,110.0,360.0,1.0,Urban,200-500,0-12.5K,0-5K,1
28,0,Not Graduate,No,1442,0.0,35.0,360.0,1.0,Urban,200-500,0-12.5K,0-5K,0
31,0,Graduate,No,3167,0.0,74.0,360.0,1.0,Urban,200-500,0-12.5K,0-5K,0
32,1,Graduate,Yes,4692,0.0,106.0,360.0,1.0,Rural,200-500,0-12.5K,0-5K,0
33,0,Graduate,No,3500,1667.0,114.0,360.0,1.0,Semiurban,200-500,0-12.5K,0-5K,1
34,3+,Graduate,No,12500,3000.0,320.0,360.0,1.0,Rural,200-500,0-12.5K,0-5K,0
35,0,Graduate,No,2275,2067.0,146.41,360.0,1.0,Urban,200-500,0-12.5K,0-5K,1
36,0,Graduate,No,1828,1330.0,100.0,342.0,0.0,Urban,200-500,0-12.5K,0-5K,0
37,0,Graduate,No,3667,1459.0,144.0,360.0,1.0,Semiurban,200-500,0-12.5K,0-5K,1
38,0,Graduate,No,4166,7210.0,184.0,360.0,1.0,Urban,200-500,0-12.5K,5K-10K,1
39,0,Not Graduate,No,3748,1668.0,110.0,360.0,1.0,Semiurban,200-500,0-12.5K,0-5K,1
40,0,Graduate,No,3600,0.0,80.0,360.0,1.0,Urban,200-500,0-12.5K,0-5K,0
41,0,Graduate,No,1800,1213.0,47.0,360.0,1.0,Urban,200-500,0-12.5K,0-5K,1
43,0,Graduate,No,3941,2336.0,134.0,360.0,1.0,Semiurban,200-500,0-12.5K,0-5K,1
44,0,Not Graduate,Yes,4695,0.0,96.0,342.0,1.0,Urban,200-500,0-12.5K,0-5K,1
45,0,Graduate,No,3410,0.0,88.0,342.0,1.0,Urban,200-500,0-12.5K,0-5K,1
46,1,Graduate,No,5649,0.0,44.0,360.0,1.0,Urban,200-500,0-12.5K,0-5K,1
47,0,Graduate,No,5821,0.0,144.0,360.0,1.0,Urban,200-500,0-12.5K,0-5K,1
48,0,Graduate,No,2645,3440.0,120.0,360.0,0.0,Urban,200-500,0-12.5K,0-5K,0
49,0,Graduate,No,4000,2275.0,144.0,360.0,1.0,Semiurban,200-500,0-12.5K,0-5K,1
50,0,Not Graduate,No,1928,1644.0,100.0,360.0,1.0,Semiurban,200-500,0-12.5K,0-5K,1
51,0,Graduate,No,3086,0.0,120.0,360.0,1.0,Semiurban,200-500,0-12.5K,0-5K,1
52,0,Graduate,No,4230,0.0,112.0,360.0,1.0,Semiurban,200-500,0-12.5K,0-5K,0
53,2,Graduate,No,4616,0.0,134.0,360.0,1.0,Urban,200-500,0-12.5K,0-5K,0
54,1,Graduate,Yes,11500,0.0,286.0,360.0,0.0,Urban,200-500,0-12.5K,0-5K,0
55,2,Graduate,No,2708,1167.0,97.0,360.0,1.0,Semiurban,200-500,0-12.5K,0-5K,1
56,0,Graduate,No,2132,1591.0,96.0,360.0,1.0,Semiurban,200-500,0-12.5K,0-5K,1
57,0,Graduate,No,3366,2200.0,135.0,360.0,1.0,Rural,200-500,0-12.5K,0-5K,0
58,1,Graduate,No,8080,2250.0,180.0,360.0,1.0,Urban,200-500,0-12.5K,0-5K,1
59,2,Not Graduate,No,3357,2859.0,144.0,360.0,1.0,Urban,200-500,0-12.5K,0-5K,1
60,0,Graduate,No,2500,3796.0,120.0,360.0,1.0,Urban,200-500,0-12.5K,0-5K,1
61,3+,Graduate,No,3029,0.0,99.0,360.0,1.0,Urban,200-500,0-12.5K,0-5K,1
62,0,Not Graduate,Yes,2609,3449.0,165.0,180.0,0.0,Rural,100-200,0-12.5K,0-5K,0
63,1,Graduate,No,4945,0.0,146.41,360.0,0.0,Rural,200-500,0-12.5K,0-5K,0
64,0,Graduate,No,4166,0.0,116.0,360.0,0.0,Semiurban,200-500,0-12.5K,0-5K,0
65,0,Graduate,No,5726,4595.0,258.0,360.0,1.0,Semiurban,200-500,0-12.5K,0-5K,0
66,0,Not Graduate,No,3200,2254.0,126.0,180.0,0.0,Urban,100-200,0-12.5K,0-5K,0
67,1,Graduate,No,10750,0.0,312.0,360.0,1.0,Urban,200-500,0-12.5K,0-5K,1
68,3+,Not Graduate,Yes,7100,0.0,125.0,60.0,1.0,Urban,10-100,0-12.5K,0-5K,1
69,0,Graduate,No,4300,0.0,136.0,360.0,0.0,Semiurban,200-500,0-12.5K,0-5K,0
70,0,Graduate,No,3208,3066.0,172.0,360.0,1.0,Urban,200-500,0-12.5K,0-5K,1
71,2,Not Graduate,Yes,1875,1875.0,97.0,360.0,1.0,Semiurban,200-500,0-12.5K,0-5K,1
72,0,Graduate,No,3500,0.0,81.0,300.0,1.0,Semiurban,200-500,0-12.5K,0-5K,1
73,3+,Not Graduate,No,4755,0.0,95.0,342.0,0.0,Semiurban,200-500,0-12.5K,0-5K,0
74,3+,Graduate,Yes,5266,1774.0,187.0,360.0,1.0,Semiurban,200-500,0-12.5K,0-5K,1
75,0,Graduate,No,3750,0.0,113.0,480.0,1.0,Urban,200-500,0-12.5K,0-5K,0
76,0,Graduate,No,3750,4750.0,176.0,360.0,1.0,Urban,200-500,0-12.5K,0-5K,0
77,1,Graduate,Yes,1000,3022.0,110.0,360.0,1.0,Urban,200-500,0-12.5K,0-5K,0
78,3+,Graduate,No,3167,4000.0,180.0,300.0,0.0,Semiurban,200-500,0-12.5K,0-5K,0
80,0,Graduate,No,3846,0.0,111.0,360.0,1.0,Semiurban,200-500,0-12.5K,0-5K,1
81,1,Graduate,Yes,2395,0.0,146.41,360.0,1.0,Semiurban,200-500,0-12.5K,0-5K,1
82,2,Graduate,No,1378,1881.0,167.0,360.0,1.0,Urban,200-500,0-12.5K,0-5K,0
84,1,Graduate,No,3988,0.0,50.0,240.0,1.0,Urban,200-500,0-12.5K,0-5K,1
85,0,Graduate,No,2366,2531.0,136.0,360.0,1.0,Semiurban,200-500,0-12.5K,0-5K,1
87,0,Graduate,No,2500,2118.0,104.0,360.0,1.0,Semiurban,200-500,0-12.5K,0-5K,1
88,0,Graduate,No,8566,0.0,210.0,360.0,1.0,Urban,200-500,0-12.5K,0-5K,1
89,0,Graduate,No,5695,4167.0,175.0,360.0,1.0,Semiurban,200-500,0-12.5K,0-5K,1
90,0,Graduate,No,2958,2900.0,131.0,360.0,1.0,Semiurban,200-500,0-12.5K,0-5K,1
91,2,Graduate,No,6250,5654.0,188.0,180.0,1.0,Semiurban,100-200,0-12.5K,5K-10K,1
92,2,Not Graduate,No,3273,1820.0,81.0,360.0,1.0,Urban,200-500,0-12.5K,0-5K,1
93,0,Graduate,No,4133,0.0,122.0,360.0,1.0,Semiurban,200-500,0-12.5K,0-5K,1
94,0,Not Graduate,No,3620,0.0,25.0,120.0,1.0,Semiurban,100-200,0-12.5K,0-5K,1
96,0,Graduate,No,2484,2302.0,137.0,360.0,1.0,Semiurban,200-500,0-12.5K,0-5K,1
97,0,Graduate,No,1977,997.0,50.0,360.0,1.0,Semiurban,200-500,0-12.5K,0-5K,1
98,0,Not Graduate,No,4188,0.0,115.0,180.0,1.0,Semiurban,100-200,0-12.5K,0-5K,1
99,0,Graduate,No,1759,3541.0,131.0,360.0,1.0,Semiurban,200-500,0-12.5K,0-5K,1
100,2,Not Graduate,No,4288,3263.0,133.0,180.0,1.0,Urban,100-200,0-12.5K,0-5K,1
101,0,Graduate,No,4843,3806.0,151.0,360.0,1.0,Semiurban,200-500,0-12.5K,0-5K,1
102,nan,Graduate,No,13650,0.0,146.41,360.0,1.0,Urban,200-500,12.5K-25K,0-5K,1
103,0,Graduate,No,4652,3583.0,146.41,360.0,1.0,Semiurban,200-500,0-12.5K,0-5K,1
105,1,Graduate,No,3052,1030.0,100.0,360.0,1.0,Urban,200-500,0-12.5K,0-5K,1
106,2,Graduate,No,11417,1126.0,225.0,360.0,1.0,Urban,200-500,0-12.5K,0-5K,1
108,2,Graduate,No,3800,3600.0,216.0,360.0,0.0,Urban,200-500,0-12.5K,0-5K,0
109,3+,Not Graduate,No,2071,754.0,94.0,480.0,1.0,Semiurban,200-500,0-12.5K,0-5K,1
110,0,Graduate,No,5316,0.0,136.0,360.0,1.0,Urban,200-500,0-12.5K,0-5K,1
112,0,Not Graduate,No,3572,4114.0,152.0,342.0,0.0,Rural,200-500,0-12.5K,0-5K,0
113,1,Graduate,Yes,7451,0.0,146.41,360.0,1.0,Semiurban,200-500,0-12.5K,0-5K,1
115,1,Graduate,No,14583,0.0,185.0,180.0,1.0,Rural,100-200,12.5K-25K,0-5K,1
116,0,Graduate,No,3167,2283.0,154.0,360.0,1.0,Semiurban,200-500,0-12.5K,0-5K,1
118,0,Graduate,No,5568,2142.0,175.0,360.0,1.0,Rural,200-500,0-12.5K,0-5K,0
119,0,Graduate,No,10408,0.0,259.0,360.0,1.0,Urban,200-500,0-12.5K,0-5K,1
120,nan,Graduate,No,5667,2667.0,180.0,360.0,1.0,Rural,200-500,0-12.5K,0-5K,1
121,0,Graduate,No,4166,0.0,44.0,360.0,1.0,Semiurban,200-500,0-12.5K,0-5K,1
122,0,Graduate,No,2137,8980.0,137.0,360.0,0.0,Semiurban,200-500,0-12.5K,5K-10K,1
123,2,Graduate,No,2957,0.0,81.0,360.0,1.0,Semiurban,200-500,0-12.5K,0-5K,1
124,0,Not Graduate,No,4300,2014.0,194.0,360.0,1.0,Rural,200-500,0-12.5K,0-5K,1
127,0,Graduate,No,3865,1640.0,146.41,360.0,1.0,Rural,200-500,0-12.5K,0-5K,1
128,1,Graduate,Yes,10513,3850.0,160.0,180.0,0.0,Urban,100-200,0-12.5K,0-5K,0
131,0,Graduate,No,2014,1929.0,74.0,360.0,1.0,Urban,200-500,0-12.5K,0-5K,1
132,0,Graduate,No,2718,0.0,70.0,360.0,1.0,Semiurban,200-500,0-12.5K,0-5K,1
133,0,Graduate,Yes,3459,0.0,25.0,120.0,1.0,Semiurban,100-200,0-12.5K,0-5K,1
134,0,Graduate,No,4895,0.0,102.0,360.0,1.0,Semiurban,200-500,0-12.5K,0-5K,1
135,3+,Graduate,No,4000,7750.0,290.0,360.0,1.0,Semiurban,200-500,0-12.5K,5K-10K,0
136,0,Graduate,No,4583,0.0,84.0,360.0,1.0,Rural,200-500,0-12.5K,0-5K,0
137,2,Graduate,Yes,3316,3500.0,88.0,360.0,1.0,Urban,200-500,0-12.5K,0-5K,1
138,0,Graduate,No,14999,0.0,242.0,360.0,0.0,Semiurban,200-500,12.5K-25K,0-5K,0
139,2,Not Graduate,No,4200,1430.0,129.0,360.0,1.0,Rural,200-500,0-12.5K,0-5K,0
140,2,Graduate,No,5042,2083.0,185.0,360.0,1.0,Rural,200-500,0-12.5K,0-5K,0
141,0,Graduate,No,5417,0.0,168.0,360.0,1.0,Urban,200-500,0-12.5K,0-5K,1
142,0,Graduate,Yes,6950,0.0,175.0,180.0,1.0,Semiurban,100-200,0-12.5K,0-5K,1
143,0,Graduate,No,2698,2034.0,122.0,360.0,1.0,Semiurban,200-500,0-12.5K,0-5K,1
144,2,Graduate,No,11757,0.0,187.0,180.0,1.0,Urban,100-200,0-12.5K,0-5K,1
145,0,Graduate,No,2330,4486.0,100.0,360.0,1.0,Semiurban,200-500,0-12.5K,0-5K,1
146,2,Graduate,No,14866,0.0,70.0,360.0,1.0,Urban,200-500,12.5K-25K,0-5K,1
147,1,Graduate,No,1538,1425.0,30.0,360.0,1.0,Urban,200-500,0-12.5K,0-5K,1
148,0,Graduate,No,10000,1666.0,225.0,360.0,1.0,Rural,200-500,0-12.5K,0-5K,0
149,0,Graduate,No,4860,830.0,125.0,360.0,1.0,Semiurban,200-500,0-12.5K,0-5K,1
150,0,Graduate,No,6277,0.0,118.0,360.0,0.0,Rural,200-500,0-12.5K,0-5K,0
151,0,Graduate,Yes,2577,3750.0,152.0,360.0,1.0,Rural,200-500,0-12.5K,0-5K,1
152,0,Graduate,No,9166,0.0,244.0,360.0,1.0,Urban,200-500,0-12.5K,0-5K,0
153,2,Not Graduate,No,2281,0.0,113.0,360.0,1.0,Rural,200-500,0-12.5K,0-5K,0
154,0,Graduate,No,3254,0.0,50.0,360.0,1.0,Urban,200-500,0-12.5K,0-5K,1
155,3+,Graduate,No,39999,0.0,600.0,180.0,0.0,Semiurban,100-200,25K+,0-5K,1
157,1,Graduate,No,9538,0.0,187.0,360.0,1.0,Urban,200-500,0-12.5K,0-5K,1
159,0,Graduate,No,4583,5625.0,255.0,360.0,1.0,Semiurban,200-500,0-12.5K,5K-10K,1
160,0,Not Graduate,No,1863,1041.0,98.0,360.0,1.0,Semiurban,200-500,0-12.5K,0-5K,1
161,0,Graduate,No,7933,0.0,275.0,360.0,1.0,Urban,200-500,0-12.5K,0-5K,0
162,1,Graduate,No,3089,1280.0,121.0,360.0,0.0,Semiurban,200-500,0-12.5K,0-5K,0
163,2,Graduate,No,4167,1447.0,158.0,360.0,1.0,Rural,200-500,0-12.5K,0-5K,1
164,0,Graduate,No,9323,0.0,75.0,180.0,1.0,Urban,100-200,0-12.5K,0-5K,1
165,0,Graduate,No,3707,3166.0,182.0,342.0,1.0,Rural,200-500,0-12.5K,0-5K,1
166,0,Graduate,No,4583,0.0,112.0,360.0,1.0,Rural,200-500,0-12.5K,0-5K,0
167,0,Graduate,No,2439,3333.0,129.0,360.0,1.0,Rural,200-500,0-12.5K,0-5K,1
168,0,Graduate,No,2237,0.0,63.0,480.0,0.0,Semiurban,200-500,0-12.5K,0-5K,0
169,2,Graduate,No,8000,0.0,200.0,360.0,1.0,Semiurban,200-500,0-12.5K,0-5K,1
172,3+,Not Graduate,No,3522,0.0,81.0,180.0,1.0,Rural,100-200,0-12.5K,0-5K,0
173,0,Graduate,No,5708,5625.0,187.0,360.0,1.0,Semiurban,200-500,0-12.5K,5K-10K,1
174,0,Not Graduate,Yes,4344,736.0,87.0,360.0,1.0,Semiurban,200-500,0-12.5K,0-5K,0
175,0,Graduate,No,3497,1964.0,116.0,360.0,1.0,Rural,200-500,0-12.5K,0-5K,1
176,2,Graduate,No,2045,1619.0,101.0,360.0,1.0,Rural,200-500,0-12.5K,0-5K,1
177,3+,Graduate,No,5516,11300.0,495.0,360.0,0.0,Semiurban,200-500,0-12.5K,10K+,0
178,1,Graduate,No,3750,0.0,116.0,360.0,1.0,Semiurban,200-500,0-12.5K,0-5K,1
179,0,Not Graduate,No,2333,1451.0,102.0,480.0,0.0,Urban,200-500,0-12.5K,0-5K,0
180,1,Graduate,No,6400,7250.0,180.0,360.0,0.0,Urban,200-500,0-12.5K,5K-10K,0
182,0,Graduate,No,4600,0.0,73.0,180.0,1.0,Semiurban,100-200,0-12.5K,0-5K,1
183,1,Graduate,No,33846,0.0,260.0,360.0,1.0,Semiurban,200-500,25K+,0-5K,0
184,0,Graduate,No,3625,0.0,108.0,360.0,1.0,Semiurban,200-500,0-12.5K,0-5K,1
185,0,Graduate,Yes,39147,4750.0,120.0,360.0,1.0,Semiurban,200-500,25K+,0-5K,1
186,1,Graduate,Yes,2178,0.0,66.0,300.0,0.0,Rural,200-500,0-12.5K,0-5K,0
189,0,Graduate,No,9328,0.0,188.0,180.0,1.0,Rural,100-200,0-12.5K,0-5K,1
190,0,Not Graduate,No,4885,0.0,48.0,360.0,1.0,Rural,200-500,0-12.5K,0-5K,1
191,0,Graduate,No,12000,0.0,164.0,360.0,1.0,Semiurban,200-500,0-12.5K,0-5K,0
192,0,Not Graduate,No,6033,0.0,160.0,360.0,1.0,Urban,200-500,0-12.5K,0-5K,0
193,0,Graduate,No,3858,0.0,76.0,360.0,1.0,Semiurban,200-500,0-12.5K,0-5K,1
194,0,Graduate,No,4191,0.0,120.0,360.0,1.0,Rural,200-500,0-12.5K,0-5K,1
195,1,Graduate,No,3125,2583.0,170.0,360.0,1.0,Semiurban,200-500,0-12.5K,0-5K,0
196,0,Graduate,No,8333,3750.0,187.0,360.0,1.0,Rural,200-500,0-12.5K,0-5K,1
197,0,Not Graduate,No,1907,2365.0,120.0,342.0,1.0,Urban,200-500,0-12.5K,0-5K,1
199,0,Graduate,Yes,11000,0.0,83.0,360.0,1.0,Urban,200-500,0-12.5K,0-5K,0
200,1,Not Graduate,No,2600,2500.0,90.0,360.0,1.0,Semiurban,200-500,0-12.5K,0-5K,1
201,2,Graduate,No,4923,0.0,166.0,360.0,0.0,Semiurban,200-500,0-12.5K,0-5K,1
202,3+,Not Graduate,No,3992,0.0,146.41,180.0,1.0,Urban,100-200,0-12.5K,0-5K,0
203,1,Not Graduate,No,3500,1083.0,135.0,360.0,1.0,Urban,200-500,0-12.5K,0-5K,1
204,2,Not Graduate,No,3917,0.0,124.0,360.0,1.0,Semiurban,200-500,0-12.5K,0-5K,1
205,0,Not Graduate,No,4408,0.0,120.0,360.0,1.0,Semiurban,200-500,0-12.5K,0-5K,1
206,0,Graduate,No,3244,0.0,80.0,360.0,1.0,Urban,200-500,0-12.5K,0-5K,1
207,0,Not Graduate,No,3975,2531.0,55.0,360.0,1.0,Rural,200-500,0-12.5K,0-5K,1
208,0,Graduate,No,2479,0.0,59.0,360.0,1.0,Urban,200-500,0-12.5K,0-5K,1
209,0,Graduate,No,3418,0.0,127.0,360.0,1.0,Semiurban,200-500,0-12.5K,0-5K,0
210,0,Graduate,No,10000,0.0,214.0,360.0,1.0,Semiurban,200-500,0-12.5K,0-5K,0
211,3+,Graduate,No,3430,1250.0,128.0,360.0,0.0,Semiurban,200-500,0-12.5K,0-5K,0
212,1,Graduate,Yes,7787,0.0,240.0,360.0,1.0,Urban,200-500,0-12.5K,0-5K,1
213,3+,Not Graduate,Yes,5703,0.0,130.0,360.0,1.0,Rural,200-500,0-12.5K,0-5K,1
214,0,Graduate,No,3173,3021.0,137.0,360.0,1.0,Urban,200-500,0-12.5K,0-5K,1
215,3+,Not Graduate,No,3850,983.0,100.0,360.0,1.0,Semiurban,200-500,0-12.5K,0-5K,1
216,0,Graduate,No,150,1800.0,135.0,360.0,1.0,Rural,200-500,0-12.5K,0-5K,0
217,0,Graduate,No,3727,1775.0,131.0,360.0,1.0,Semiurban,200-500,0-12.5K,0-5K,1
220,0,Graduate,No,2221,0.0,60.0,360.0,0.0,Urban,200-500,0-12.5K,0-5K,0
221,2,Graduate,No,4009,1717.0,116.0,360.0,1.0,Semiurban,200-500,0-12.5K,0-5K,1
222,0,Graduate,No,2971,2791.0,144.0,360.0,1.0,Semiurban,200-500,0-12.5K,0-5K,1
223,0,Graduate,No,7578,1010.0,175.0,342.0,1.0,Semiurban,200-500,0-12.5K,0-5K,1
224,0,Graduate,No,6250,0.0,128.0,360.0,1.0,Semiurban,200-500,0-12.5K,0-5K,1
225,0,Graduate,No,3250,0.0,170.0,360.0,1.0,Rural,200-500,0-12.5K,0-5K,0
226,nan,Not Graduate,Yes,4735,0.0,138.0,360.0,1.0,Urban,200-500,0-12.5K,0-5K,0
227,2,Graduate,No,6250,1695.0,210.0,360.0,1.0,Semiurban,200-500,0-12.5K,0-5K,1
229,0,Graduate,Yes,6400,0.0,200.0,360.0,1.0,Rural,200-500,0-12.5K,0-5K,1
230,1,Graduate,No,2491,2054.0,104.0,360.0,1.0,Semiurban,200-500,0-12.5K,0-5K,1
232,0,Not Graduate,No,3189,2598.0,120.0,342.0,1.0,Rural,200-500,0-12.5K,0-5K,1
233,0,Graduate,No,8333,0.0,280.0,360.0,1.0,Semiurban,200-500,0-12.5K,0-5K,1
234,1,Graduate,No,3155,1779.0,140.0,360.0,1.0,Semiurban,200-500,0-12.5K,0-5K,1
235,1,Graduate,No,5500,1260.0,170.0,360.0,1.0,Rural,200-500,0-12.5K,0-5K,1
238,1,Graduate,No,3812,0.0,112.0,360.0,1.0,Rural,200-500,0-12.5K,0-5K,1
239,1,Graduate,No,3315,0.0,96.0,360.0,1.0,Semiurban,200-500,0-12.5K,0-5K,1
240,2,Graduate,No,5819,5000.0,120.0,360.0,1.0,Rural,200-500,0-12.5K,0-5K,1
241,1,Not Graduate,No,2510,1983.0,140.0,180.0,1.0,Urban,100-200,0-12.5K,0-5K,0
242,0,Graduate,No,2965,5701.0,155.0,60.0,1.0,Urban,10-100,0-12.5K,5K-10K,1
243,2,Graduate,Yes,6250,1300.0,108.0,360.0,1.0,Rural,200-500,0-12.5K,0-5K,1
244,0,Not Graduate,No,3406,4417.0,123.0,360.0,1.0,Semiurban,200-500,0-12.5K,0-5K,1
245,0,Graduate,Yes,6050,4333.0,120.0,180.0,1.0,Urban,100-200,0-12.5K,0-5K,0
246,2,Graduate,No,9703,0.0,112.0,360.0,1.0,Urban,200-500,0-12.5K,0-5K,1
247,1,Not Graduate,No,6608,0.0,137.0,180.0,1.0,Urban,100-200,0-12.5K,0-5K,1
248,1,Graduate,No,2882,1843.0,123.0,480.0,1.0,Semiurban,200-500,0-12.5K,0-5K,1
249,0,Graduate,No,1809,1868.0,90.0,360.0,1.0,Urban,200-500,0-12.5K,0-5K,1
250,0,Not Graduate,No,1668,3890.0,201.0,360.0,0.0,Semiurban,200-500,0-12.5K,0-5K,0
251,2,Graduate,No,3427,0.0,138.0,360.0,1.0,Urban,200-500,0-12.5K,0-5K,0
252,0,Not Graduate,Yes,2583,2167.0,104.0,360.0,1.0,Rural,200-500,0-12.5K,0-5K,1
253,1,Not Graduate,No,2661,7101.0,279.0,180.0,1.0,Semiurban,100-200,0-12.5K,5K-10K,1
254,0,Graduate,Yes,16250,0.0,192.0,360.0,0.0,Urban,200-500,12.5K-25K,0-5K,0
255,3+,Graduate,No,3083,0.0,255.0,360.0,1.0,Rural,200-500,0-12.5K,0-5K,1
256,0,Not Graduate,No,6045,0.0,115.0,360.0,0.0,Rural,200-500,0-12.5K,0-5K,0
257,3+,Graduate,No,5250,0.0,94.0,360.0,1.0,Urban,200-500,0-12.5K,0-5K,0
258,0,Graduate,No,14683,2100.0,304.0,360.0,1.0,Rural,200-500,12.5K-25K,0-5K,0
261,0,Graduate,No,2060,2209.0,134.0,360.0,1.0,Semiurban,200-500,0-12.5K,0-5K,1
262,1,Graduate,No,3481,0.0,155.0,36.0,1.0,Semiurban,10-100,0-12.5K,0-5K,0
263,0,Graduate,No,7200,0.0,120.0,360.0,1.0,Rural,200-500,0-12.5K,0-5K,1
264,0,Graduate,Yes,5166,0.0,128.0,360.0,1.0,Semiurban,200-500,0-12.5K,0-5K,1
265,0,Graduate,No,4095,3447.0,151.0,360.0,1.0,Rural,200-500,0-12.5K,0-5K,1
266,2,Graduate,No,4708,1387.0,150.0,360.0,1.0,Semiurban,200-500,0-12.5K,0-5K,1
267,3+,Graduate,No,4333,1811.0,160.0,360.0,0.0,Urban,200-500,0-12.5K,0-5K,1
269,1,Graduate,No,2876,1560.0,90.0,360.0,1.0,Urban,200-500,0-12.5K,0-5K,1
270,0,Graduate,No,3237,0.0,30.0,360.0,1.0,Urban,200-500,0-12.5K,0-5K,1
271,0,Graduate,No,11146,0.0,136.0,360.0,1.0,Urban,200-500,0-12.5K,0-5K,1
272,0,Graduate,No,2833,1857.0,126.0,360.0,1.0,Rural,200-500,0-12.5K,0-5K,1
273,0,Graduate,No,2620,2223.0,150.0,360.0,1.0,Semiurban,200-500,0-12.5K,0-5K,1
274,2,Graduate,No,3900,0.0,90.0,360.0,1.0,Semiurban,200-500,0-12.5K,0-5K,1
275,1,Graduate,No,2750,1842.0,115.0,360.0,1.0,Semiurban,200-500,0-12.5K,0-5K,1
276,0,Graduate,No,3993,3274.0,207.0,360.0,1.0,Semiurban,200-500,0-12.5K,0-5K,1
277,0,Graduate,No,3103,1300.0,80.0,360.0,1.0,Urban,200-500,0-12.5K,0-5K,1
278,0,Graduate,No,14583,0.0,436.0,360.0,1.0,Semiurban,200-500,12.5K-25K,0-5K,1
280,1,Not Graduate,Yes,4053,2426.0,158.0,360.0,0.0,Urban,200-500,0-12.5K,0-5K,0
281,0,Graduate,No,3927,800.0,112.0,360.0,1.0,Semiurban,200-500,0-12.5K,0-5K,1
282,2,Graduate,No,2301,985.7999878,78.0,180.0,1.0,Urban,100-200,0-12.5K,0-5K,1
283,0,Graduate,No,1811,1666.0,54.0,360.0,1.0,Urban,200-500,0-12.5K,0-5K,1
284,0,Graduate,No,20667,0.0,146.41,360.0,1.0,Rural,200-500,12.5K-25K,0-5K,0
285,0,Graduate,No,3158,3053.0,89.0,360.0,1.0,Rural,200-500,0-12.5K,0-5K,1
286,0,Graduate,Yes,2600,1717.0,99.0,300.0,1.0,Semiurban,200-500,0-12.5K,0-5K,0
287,0,Graduate,No,3704,2000.0,120.0,360.0,1.0,Rural,200-500,0-12.5K,0-5K,1
288,0,Graduate,No,4124,0.0,115.0,360.0,1.0,Semiurban,200-500,0-12.5K,0-5K,1
289,0,Graduate,No,9508,0.0,187.0,360.0,1.0,Rural,200-500,0-12.5K,0-5K,1
290,0,Graduate,No,3075,2416.0,139.0,360.0,1.0,Rural,200-500,0-12.5K,0-5K,1
291,2,Graduate,No,4400,0.0,127.0,360.0,0.0,Semiurban,200-500,0-12.5K,0-5K,0
292,2,Graduate,No,3153,1560.0,134.0,360.0,1.0,Urban,200-500,0-12.5K,0-5K,1
293,nan,Graduate,No,5417,0.0,143.0,480.0,0.0,Urban,200-500,0-12.5K,0-5K,0
294,0,Graduate,No,2383,3334.0,172.0,360.0,1.0,Semiurban,200-500,0-12.5K,0-5K,1
296,1,Graduate,No,6875,0.0,200.0,360.0,1.0,Semiurban,200-500,0-12.5K,0-5K,1
297,1,Graduate,No,4666,0.0,135.0,360.0,1.0,Urban,200-500,0-12.5K,0-5K,1
298,0,Graduate,No,5000,2541.0,151.0,480.0,1.0,Rural,200-500,0-12.5K,0-5K,0
299,1,Graduate,No,2014,2925.0,113.0,360.0,1.0,Urban,200-500,0-12.5K,0-5K,0
300,0,Not Graduate,No,1800,2934.0,93.0,360.0,0.0,Urban,200-500,0-12.5K,0-5K,0
301,nan,Not Graduate,No,2875,1750.0,105.0,360.0,1.0,Semiurban,200-500,0-12.5K,0-5K,1
302,0,Graduate,No,5000,0.0,132.0,360.0,1.0,Rural,200-500,0-12.5K,0-5K,1
303,1,Graduate,No,1625,1803.0,96.0,360.0,1.0,Urban,200-500,0-12.5K,0-5K,1
304,0,Graduate,No,4000,2500.0,140.0,360.0,1.0,Rural,200-500,0-12.5K,0-5K,1
305,0,Not Graduate,No,2000,0.0,146.41,360.0,1.0,Urban,200-500,0-12.5K,0-5K,0
306,0,Graduate,No,3762,1666.0,135.0,360.0,1.0,Rural,200-500,0-12.5K,0-5K,1
307,0,Graduate,No,2400,1863.0,104.0,360.0,0.0,Urban,200-500,0-12.5K,0-5K,0
308,0,Graduate,No,20233,0.0,480.0,360.0,1.0,Rural,200-500,12.5K-25K,0-5K,0
310,0,Graduate,No,2917,0.0,84.0,360.0,1.0,Semiurban,200-500,0-12.5K,0-5K,1
311,0,Not Graduate,No,2927,2405.0,111.0,360.0,1.0,Semiurban,200-500,0-12.5K,0-5K,1
312,0,Graduate,No,2507,0.0,56.0,360.0,1.0,Rural,200-500,0-12.5K,0-5K,1
315,1,Not Graduate,No,3399,1640.0,111.0,180.0,1.0,Urban,100-200,0-12.5K,0-5K,1
316,2,Graduate,No,3717,0.0,120.0,360.0,1.0,Semiurban,200-500,0-12.5K,0-5K,1
319,1,Graduate,Yes,10000,0.0,155.0,360.0,1.0,Rural,200-500,0-12.5K,0-5K,0
320,0,Graduate,No,2400,2167.0,115.0,360.0,1.0,Semiurban,200-500,0-12.5K,0-5K,1
321,3+,Graduate,No,4342,189.0,124.0,360.0,1.0,Semiurban,200-500,0-12.5K,0-5K,1
322,2,Not Graduate,No,3601,1590.0,146.41,360.0,1.0,Rural,200-500,0-12.5K,0-5K,1
324,3+,Graduate,No,15000,0.0,300.0,360.0,1.0,Rural,200-500,12.5K-25K,0-5K,1
325,1,Graduate,Yes,8666,4983.0,376.0,360.0,0.0,Rural,200-500,0-12.5K,0-5K,0
326,0,Graduate,No,4917,0.0,130.0,360.0,0.0,Rural,200-500,0-12.5K,0-5K,1
327,0,Graduate,Yes,5818,2160.0,184.0,360.0,1.0,Semiurban,200-500,0-12.5K,0-5K,1
328,0,Graduate,No,4333,2451.0,110.0,360.0,1.0,Urban,200-500,0-12.5K,0-5K,0
329,0,Graduate,No,2500,0.0,67.0,360.0,1.0,Urban,200-500,0-12.5K,0-5K,1
330,1,Graduate,No,4384,1793.0,117.0,360.0,1.0,Urban,200-500,0-12.5K,0-5K,1
331,0,Graduate,No,2935,0.0,98.0,360.0,1.0,Semiurban,200-500,0-12.5K,0-5K,1
332,nan,Graduate,No,2833,0.0,71.0,360.0,1.0,Urban,200-500,0-12.5K,0-5K,1
335,nan,Graduate,Yes,5503,4490.0,70.0,342.0,1.0,Semiurban,200-500,0-12.5K,0-5K,1
337,2,Graduate,Yes,2500,4600.0,176.0,360.0,1.0,Rural,200-500,0-12.5K,0-5K,1
338,3+,Not Graduate,No,1830,0.0,146.41,360.0,0.0,Urban,200-500,0-12.5K,0-5K,0
339,0,Graduate,No,4160,0.0,71.0,360.0,1.0,Semiurban,200-500,0-12.5K,0-5K,1
340,3+,Not Graduate,No,2647,1587.0,173.0,360.0,1.0,Rural,200-500,0-12.5K,0-5K,0
341,0,Graduate,No,2378,0.0,46.0,360.0,1.0,Rural,200-500,0-12.5K,0-5K,0
342,1,Not Graduate,No,4554,1229.0,158.0,360.0,1.0,Urban,200-500,0-12.5K,0-5K,1
343,3+,Not Graduate,No,3173,0.0,74.0,360.0,1.0,Semiurban,200-500,0-12.5K,0-5K,1
345,0,Graduate,No,2499,2458.0,160.0,360.0,1.0,Semiurban,200-500,0-12.5K,0-5K,1
346,nan,Not Graduate,No,3523,3230.0,152.0,360.0,0.0,Rural,200-500,0-12.5K,0-5K,0
347,2,Not Graduate,No,3083,2168.0,126.0,360.0,1.0,Urban,200-500,0-12.5K,0-5K,1
349,0,Graduate,No,2625,6250.0,187.0,360.0,1.0,Rural,200-500,0-12.5K,5K-10K,1
350,0,Graduate,No,9083,0.0,228.0,360.0,1.0,Semiurban,200-500,0-12.5K,0-5K,1
351,0,Graduate,No,8750,4167.0,308.0,360.0,1.0,Rural,200-500,0-12.5K,0-5K,0
352,3+,Graduate,No,2666,2083.0,95.0,360.0,1.0,Rural,200-500,0-12.5K,0-5K,1
353,0,Graduate,Yes,5500,0.0,105.0,360.0,0.0,Rural,200-500,0-12.5K,0-5K,0
354,0,Graduate,No,2423,505.0,130.0,360.0,1.0,Semiurban,200-500,0-12.5K,0-5K,1
355,nan,Graduate,No,3813,0.0,116.0,180.0,1.0,Urban,100-200,0-12.5K,0-5K,1
356,2,Graduate,No,8333,3167.0,165.0,360.0,1.0,Rural,200-500,0-12.5K,0-5K,1
357,1,Graduate,No,3875,0.0,67.0,360.0,1.0,Urban,200-500,0-12.5K,0-5K,0
358,0,Not Graduate,No,3000,1666.0,100.0,480.0,0.0,Urban,200-500,0-12.5K,0-5K,0
359,3+,Graduate,No,5167,3167.0,200.0,360.0,1.0,Semiurban,200-500,0-12.5K,0-5K,1
360,1,Graduate,No,4723,0.0,81.0,360.0,1.0,Semiurban,200-500,0-12.5K,0-5K,0
361,2,Graduate,No,5000,3667.0,236.0,360.0,1.0,Semiurban,200-500,0-12.5K,0-5K,1
362,0,Graduate,No,4750,2333.0,130.0,360.0,1.0,Urban,200-500,0-12.5K,0-5K,1
364,0,Graduate,Yes,6822,0.0,141.0,360.0,1.0,Rural,200-500,0-12.5K,0-5K,1
365,0,Not Graduate,No,6216,0.0,133.0,360.0,1.0,Rural,200-500,0-12.5K,0-5K,0
366,0,Graduate,No,2500,0.0,96.0,480.0,1.0,Semiurban,200-500,0-12.5K,0-5K,0
367,0,Graduate,No,5124,0.0,124.0,342.0,0.0,Rural,200-500,0-12.5K,0-5K,0
368,1,Graduate,No,6325,0.0,175.0,360.0,1.0,Semiurban,200-500,0-12.5K,0-5K,1
369,0,Graduate,No,19730,5266.0,570.0,360.0,1.0,Rural,200-500,12.5K-25K,5K-10K,0
370,0,Graduate,Yes,15759,0.0,55.0,360.0,1.0,Semiurban,200-500,12.5K-25K,0-5K,1
371,2,Graduate,No,5185,0.0,155.0,360.0,1.0,Semiurban,200-500,0-12.5K,0-5K,1
372,2,Graduate,Yes,9323,7873.0,380.0,300.0,1.0,Rural,200-500,0-12.5K,5K-10K,1
373,1,Graduate,No,3062,1987.0,111.0,180.0,0.0,Urban,100-200,0-12.5K,0-5K,0
375,0,Graduate,No,4817,923.0,120.0,180.0,1.0,Urban,100-200,0-12.5K,0-5K,1
376,3+,Graduate,No,8750,4996.0,130.0,360.0,1.0,Rural,200-500,0-12.5K,0-5K,1
378,0,Graduate,No,3069,0.0,71.0,480.0,1.0,Urban,200-500,0-12.5K,0-5K,0
379,2,Graduate,No,5391,0.0,130.0,360.0,1.0,Urban,200-500,0-12.5K,0-5K,1
381,0,Graduate,No,5941,4232.0,296.0,360.0,1.0,Semiurban,200-500,0-12.5K,0-5K,1
382,0,Graduate,No,6000,0.0,156.0,360.0,1.0,Urban,200-500,0-12.5K,0-5K,1
383,0,Graduate,Yes,7167,0.0,128.0,360.0,1.0,Urban,200-500,0-12.5K,0-5K,1
384,2,Graduate,No,4566,0.0,100.0,360.0,1.0,Urban,200-500,0-12.5K,0-5K,0
386,0,Not Graduate,No,2346,1600.0,132.0,360.0,1.0,Semiurban,200-500,0-12.5K,0-5K,1
387,0,Not Graduate,No,3010,3136.0,146.41,360.0,0.0,Urban,200-500,0-12.5K,0-5K,0
388,0,Graduate,No,2333,2417.0,136.0,360.0,1.0,Urban,200-500,0-12.5K,0-5K,1
389,0,Graduate,No,5488,0.0,125.0,360.0,1.0,Rural,200-500,0-12.5K,0-5K,1
390,3+,Graduate,No,9167,0.0,185.0,360.0,1.0,Rural,200-500,0-12.5K,0-5K,1
391,3+,Graduate,No,9504,0.0,275.0,360.0,1.0,Rural,200-500,0-12.5K,0-5K,1
393,2,Not Graduate,No,1993,1625.0,113.0,180.0,1.0,Semiurban,100-200,0-12.5K,0-5K,1
394,2,Graduate,No,3100,1400.0,113.0,360.0,1.0,Urban,200-500,0-12.5K,0-5K,1
396,0,Graduate,No,3180,0.0,71.0,360.0,0.0,Urban,200-500,0-12.5K,0-5K,0
397,0,Graduate,No,3033,1459.0,95.0,360.0,1.0,Urban,200-500,0-12.5K,0-5K,1
398,0,Not Graduate,No,3902,1666.0,109.0,360.0,1.0,Rural,200-500,0-12.5K,0-5K,1
399,0,Graduate,No,1500,1800.0,103.0,360.0,0.0,Semiurban,200-500,0-12.5K,0-5K,0
400,2,Not Graduate,No,2889,0.0,45.0,180.0,0.0,Urban,100-200,0-12.5K,0-5K,0
401,0,Not Graduate,No,2755,0.0,65.0,300.0,1.0,Rural,200-500,0-12.5K,0-5K,0
402,0,Graduate,No,2500,20000.0,103.0,360.0,1.0,Semiurban,200-500,0-12.5K,10K+,1
403,0,Not Graduate,No,1963,0.0,53.0,360.0,1.0,Semiurban,200-500,0-12.5K,0-5K,1
404,0,Graduate,Yes,7441,0.0,194.0,360.0,1.0,Rural,200-500,0-12.5K,0-5K,0
405,0,Graduate,No,4547,0.0,115.0,360.0,1.0,Semiurban,200-500,0-12.5K,0-5K,1
406,0,Not Graduate,No,2167,2400.0,115.0,360.0,1.0,Urban,200-500,0-12.5K,0-5K,1
407,0,Not Graduate,No,2213,0.0,66.0,360.0,1.0,Rural,200-500,0-12.5K,0-5K,1
408,1,Graduate,No,8300,0.0,152.0,300.0,0.0,Semiurban,200-500,0-12.5K,0-5K,0
409,3+,Graduate,No,81000,0.0,360.0,360.0,0.0,Rural,200-500,25K+,0-5K,0
410,1,Not Graduate,Yes,3867,0.0,62.0,360.0,1.0,Semiurban,200-500,0-12.5K,0-5K,0
412,0,Not Graduate,No,6096,0.0,218.0,360.0,0.0,Rural,200-500,0-12.5K,0-5K,0
413,0,Not Graduate,No,2253,2033.0,110.0,360.0,1.0,Rural,200-500,0-12.5K,0-5K,1
414,0,Not Graduate,No,2149,3237.0,178.0,360.0,0.0,Semiurban,200-500,0-12.5K,0-5K,0
415,0,Graduate,No,2995,0.0,60.0,360.0,1.0,Urban,200-500,0-12.5K,0-5K,1
416,1,Graduate,No,2600,0.0,160.0,360.0,1.0,Urban,200-500,0-12.5K,0-5K,0
417,2,Graduate,Yes,1600,20000.0,239.0,360.0,1.0,Urban,200-500,0-12.5K,10K+,0
418,0,Graduate,No,1025,2773.0,112.0,360.0,1.0,Rural,200-500,0-12.5K,0-5K,1
419,0,Graduate,No,3246,1417.0,138.0,360.0,1.0,Semiurban,200-500,0-12.5K,0-5K,1
420,0,Graduate,No,5829,0.0,138.0,360.0,1.0,Rural,200-500,0-12.5K,0-5K,1
421,0,Not Graduate,No,2720,0.0,80.0,342.0,0.0,Urban,200-500,0-12.5K,0-5K,0
422,0,Graduate,No,1820,1719.0,100.0,360.0,1.0,Urban,200-500,0-12.5K,0-5K,1
423,1,Graduate,No,7250,1667.0,110.0,342.0,0.0,Urban,200-500,0-12.5K,0-5K,0
424,0,Graduate,No,14880,0.0,96.0,360.0,1.0,Semiurban,200-500,12.5K-25K,0-5K,1
425,0,Graduate,No,2666,4300.0,121.0,360.0,1.0,Rural,200-500,0-12.5K,0-5K,1
426,1,Not Graduate,No,4606,0.0,81.0,360.0,1.0,Rural,200-500,0-12.5K,0-5K,0
427,2,Graduate,No,5935,0.0,133.0,360.0,1.0,Semiurban,200-500,0-12.5K,0-5K,1
428,0,Graduate,No,2920,16.12000084,87.0,360.0,1.0,Rural,200-500,0-12.5K,0-5K,1
429,0,Not Graduate,No,2717,0.0,60.0,180.0,1.0,Urban,100-200,0-12.5K,0-5K,1
430,1,Graduate,Yes,8624,0.0,150.0,360.0,1.0,Semiurban,200-500,0-12.5K,0-5K,1
431,0,Graduate,No,6500,0.0,105.0,360.0,0.0,Rural,200-500,0-12.5K,0-5K,0
433,0,Graduate,No,2425,2340.0,143.0,360.0,1.0,Semiurban,200-500,0-12.5K,0-5K,1
434,0,Graduate,No,3750,0.0,100.0,360.0,1.0,Urban,200-500,0-12.5K,0-5K,1
436,0,Graduate,No,1926,1851.0,50.0,360.0,1.0,Semiurban,200-500,0-12.5K,0-5K,1
437,0,Graduate,No,2213,1125.0,146.41,360.0,1.0,Urban,200-500,0-12.5K,0-5K,1
438,0,Graduate,Yes,10416,0.0,187.0,360.0,0.0,Urban,200-500,0-12.5K,0-5K,0
439,0,Not Graduate,Yes,7142,0.0,138.0,360.0,1.0,Rural,200-500,0-12.5K,0-5K,1
440,0,Graduate,No,3660,5064.0,187.0,360.0,1.0,Semiurban,200-500,0-12.5K,5K-10K,1
441,0,Graduate,No,7901,1833.0,180.0,360.0,1.0,Rural,200-500,0-12.5K,0-5K,1
442,3+,Not Graduate,No,4707,1993.0,148.0,360.0,1.0,Semiurban,200-500,0-12.5K,0-5K,1
443,1,Graduate,No,37719,0.0,152.0,360.0,1.0,Semiurban,200-500,25K+,0-5K,1
445,1,Graduate,Yes,3466,1210.0,130.0,360.0,1.0,Rural,200-500,0-12.5K,0-5K,1
446,2,Not Graduate,No,4652,0.0,110.0,360.0,1.0,Rural,200-500,0-12.5K,0-5K,1
448,2,Graduate,No,3340,1710.0,150.0,360.0,0.0,Rural,200-500,0-12.5K,0-5K,0
450,2,Not Graduate,No,2309,1255.0,125.0,360.0,0.0,Rural,200-500,0-12.5K,0-5K,0
452,0,Graduate,No,3948,1733.0,149.0,360.0,0.0,Rural,200-500,0-12.5K,0-5K,0
453,0,Graduate,No,2483,2466.0,90.0,180.0,0.0,Rural,100-200,0-12.5K,0-5K,1
454,0,Graduate,Yes,7085,0.0,84.0,360.0,1.0,Semiurban,200-500,0-12.5K,0-5K,1
455,2,Graduate,No,3859,0.0,96.0,360.0,1.0,Semiurban,200-500,0-12.5K,0-5K,1
456,0,Graduate,No,4301,0.0,118.0,360.0,1.0,Urban,200-500,0-12.5K,0-5K,1
457,0,Graduate,No,3708,2569.0,173.0,360.0,1.0,Urban,200-500,0-12.5K,0-5K,0
458,2,Graduate,No,4354,0.0,136.0,360.0,1.0,Rural,200-500,0-12.5K,0-5K,1
459,0,Graduate,No,8334,0.0,160.0,360.0,1.0,Semiurban,200-500,0-12.5K,0-5K,0
461,3+,Graduate,No,7740,0.0,128.0,180.0,1.0,Urban,100-200,0-12.5K,0-5K,1
462,0,Graduate,No,3015,2188.0,153.0,360.0,1.0,Rural,200-500,0-12.5K,0-5K,1
464,0,Graduate,No,4166,0.0,98.0,360.0,0.0,Semiurban,200-500,0-12.5K,0-5K,0
465,0,Graduate,No,6000,0.0,140.0,360.0,1.0,Rural,200-500,0-12.5K,0-5K,1
466,3+,Not Graduate,No,2947,1664.0,70.0,180.0,0.0,Urban,100-200,0-12.5K,0-5K,0
469,0,Graduate,No,4333,2451.0,110.0,360.0,1.0,Urban,200-500,0-12.5K,0-5K,0
470,1,Graduate,Yes,3450,2079.0,162.0,360.0,1.0,Semiurban,200-500,0-12.5K,0-5K,1
471,1,Not Graduate,No,2653,1500.0,113.0,180.0,0.0,Rural,100-200,0-12.5K,0-5K,0
472,3+,Graduate,No,4691,0.0,100.0,360.0,1.0,Semiurban,200-500,0-12.5K,0-5K,1
474,2,Graduate,No,5532,4648.0,162.0,360.0,1.0,Rural,200-500,0-12.5K,0-5K,1
475,2,Graduate,Yes,16525,1014.0,150.0,360.0,1.0,Rural,200-500,12.5K-25K,0-5K,1
476,2,Graduate,No,6700,1750.0,230.0,300.0,1.0,Semiurban,200-500,0-12.5K,0-5K,1
478,1,Graduate,Yes,16667,2250.0,86.0,360.0,1.0,Semiurban,200-500,12.5K-25K,0-5K,1
479,2,Graduate,No,2947,1603.0,146.41,360.0,1.0,Urban,200-500,0-12.5K,0-5K,0
480,0,Not Graduate,No,4350,0.0,154.0,360.0,1.0,Rural,200-500,0-12.5K,0-5K,1
481,3+,Not Graduate,No,3095,0.0,113.0,360.0,1.0,Rural,200-500,0-12.5K,0-5K,1
482,0,Graduate,No,2083,3150.0,128.0,360.0,1.0,Semiurban,200-500,0-12.5K,0-5K,1
483,0,Graduate,No,10833,0.0,234.0,360.0,1.0,Semiurban,200-500,0-12.5K,0-5K,1
484,2,Graduate,No,8333,0.0,246.0,360.0,1.0,Semiurban,200-500,0-12.5K,0-5K,1
485,1,Not Graduate,No,1958,2436.0,131.0,360.0,1.0,Rural,200-500,0-12.5K,0-5K,1
486,2,Graduate,No,3547,0.0,80.0,360.0,0.0,Rural,200-500,0-12.5K,0-5K,0
487,1,Graduate,No,18333,0.0,500.0,360.0,1.0,Urban,200-500,12.5K-25K,0-5K,0
488,2,Graduate,Yes,4583,2083.0,160.0,360.0,1.0,Semiurban,200-500,0-12.5K,0-5K,1
489,0,Graduate,No,2435,0.0,75.0,360.0,1.0,Urban,200-500,0-12.5K,0-5K,0
492,0,Not Graduate,No,3691,0.0,110.0,360.0,1.0,Rural,200-500,0-12.5K,0-5K,1
493,0,Not Graduate,Yes,17263,0.0,225.0,360.0,1.0,Semiurban,200-500,12.5K-25K,0-5K,1
494,0,Graduate,No,3597,2157.0,119.0,360.0,0.0,Rural,200-500,0-12.5K,0-5K,0
495,1,Graduate,No,3326,913.0,105.0,84.0,1.0,Semiurban,10-100,0-12.5K,0-5K,1
496,0,Not Graduate,No,2600,1700.0,107.0,360.0,1.0,Rural,200-500,0-12.5K,0-5K,1
498,1,Graduate,Yes,2895,0.0,95.0,360.0,1.0,Semiurban,200-500,0-12.5K,0-5K,1
499,0,Graduate,No,6283,4416.0,209.0,360.0,0.0,Rural,200-500,0-12.5K,0-5K,0
500,0,Graduate,No,645,3683.0,113.0,480.0,1.0,Rural,200-500,0-12.5K,0-5K,1
501,0,Graduate,No,3159,0.0,100.0,360.0,1.0,Semiurban,200-500,0-12.5K,0-5K,1
502,2,Graduate,No,4865,5624.0,208.0,360.0,1.0,Semiurban,200-500,0-12.5K,5K-10K,1
504,0,Not Graduate,No,3814,1483.0,124.0,300.0,1.0,Semiurban,200-500,0-12.5K,0-5K,1
505,2,Graduate,No,3510,4416.0,243.0,360.0,1.0,Rural,200-500,0-12.5K,0-5K,1
508,0,Graduate,Yes,2479,3013.0,188.0,360.0,1.0,Urban,200-500,0-12.5K,0-5K,1
509,1,Graduate,No,13262,0.0,40.0,360.0,1.0,Urban,200-500,12.5K-25K,0-5K,1
510,0,Not Graduate,No,3598,1287.0,100.0,360.0,1.0,Rural,200-500,0-12.5K,0-5K,0
511,1,Graduate,No,6065,2004.0,250.0,360.0,1.0,Semiurban,200-500,0-12.5K,0-5K,1
512,2,Graduate,No,3283,2035.0,148.0,360.0,1.0,Urban,200-500,0-12.5K,0-5K,1
513,0,Graduate,No,2130,6666.0,70.0,180.0,1.0,Semiurban,100-200,0-12.5K,5K-10K,0
514,0,Graduate,No,5815,3666.0,311.0,360.0,1.0,Rural,200-500,0-12.5K,0-5K,0
515,3+,Graduate,No,3466,3428.0,150.0,360.0,1.0,Rural,200-500,0-12.5K,0-5K,1
516,2,Graduate,No,2031,1632.0,113.0,480.0,1.0,Semiurban,200-500,0-12.5K,0-5K,1
517,nan,Not Graduate,No,3074,1800.0,123.0,360.0,0.0,Semiurban,200-500,0-12.5K,0-5K,0
518,0,Graduate,No,4683,1915.0,185.0,360.0,1.0,Semiurban,200-500,0-12.5K,0-5K,0
519,0,Not Graduate,No,3400,0.0,95.0,360.0,1.0,Rural,200-500,0-12.5K,0-5K,0
520,2,Not Graduate,No,2192,1742.0,45.0,360.0,1.0,Semiurban,200-500,0-12.5K,0-5K,1
521,0,Graduate,No,2500,0.0,55.0,360.0,1.0,Semiurban,200-500,0-12.5K,0-5K,1
522,3+,Graduate,Yes,5677,1424.0,100.0,360.0,1.0,Rural,200-500,0-12.5K,0-5K,1
523,2,Graduate,Yes,7948,7166.0,480.0,360.0,1.0,Rural,200-500,0-12.5K,5K-10K,1
524,0,Graduate,No,4680,2087.0,146.41,360.0,1.0,Semiurban,200-500,0-12.5K,0-5K,0
525,2,Graduate,Yes,17500,0.0,400.0,360.0,1.0,Rural,200-500,12.5K-25K,0-5K,1
526,0,Graduate,No,3775,0.0,110.0,360.0,1.0,Semiurban,200-500,0-12.5K,0-5K,1
527,1,Not Graduate,No,5285,1430.0,161.0,360.0,0.0,Semiurban,200-500,0-12.5K,0-5K,1
528,1,Not Graduate,No,2679,1302.0,94.0,360.0,1.0,Semiurban,200-500,0-12.5K,0-5K,1
529,0,Not Graduate,No,6783,0.0,130.0,360.0,1.0,Semiurban,200-500,0-12.5K,0-5K,1
531,3+,Graduate,No,4281,0.0,100.0,360.0,1.0,Urban,200-500,0-12.5K,0-5K,1
532,2,Graduate,No,3588,0.0,110.0,360.0,0.0,Rural,200-500,0-12.5K,0-5K,0
534,0,Not Graduate,Yes,18165,0.0,125.0,360.0,1.0,Urban,200-500,12.5K-25K,0-5K,1
536,0,Graduate,No,6133,3906.0,324.0,360.0,1.0,Urban,200-500,0-12.5K,0-5K,1
537,2,Graduate,No,3617,0.0,107.0,360.0,1.0,Semiurban,200-500,0-12.5K,0-5K,1
538,0,Not Graduate,No,2917,536.0,66.0,360.0,1.0,Rural,200-500,0-12.5K,0-5K,0
539,3+,Graduate,No,6417,0.0,157.0,180.0,1.0,Rural,100-200,0-12.5K,0-5K,1
540,1,Graduate,No,4608,2845.0,140.0,180.0,1.0,Semiurban,100-200,0-12.5K,0-5K,1
541,0,Graduate,No,2138,0.0,99.0,360.0,0.0,Semiurban,200-500,0-12.5K,0-5K,0
543,1,Not Graduate,No,2239,2524.0,128.0,360.0,1.0,Urban,200-500,0-12.5K,0-5K,1
545,0,Graduate,No,2768,1950.0,155.0,360.0,1.0,Rural,200-500,0-12.5K,0-5K,1
546,0,Not Graduate,No,3358,0.0,80.0,36.0,1.0,Semiurban,10-100,0-12.5K,0-5K,0
547,0,Graduate,No,2526,1783.0,145.0,360.0,1.0,Rural,200-500,0-12.5K,0-5K,1
548,0,Graduate,No,5000,0.0,103.0,360.0,0.0,Semiurban,200-500,0-12.5K,0-5K,0
549,0,Graduate,No,2785,2016.0,110.0,360.0,1.0,Rural,200-500,0-12.5K,0-5K,1
550,2,Graduate,Yes,6633,0.0,146.41,360.0,0.0,Rural,200-500,0-12.5K,0-5K,0
551,1,Not Graduate,No,2492,2375.0,146.41,360.0,1.0,Rural,200-500,0-12.5K,0-5K,1
552,1,Graduate,No,3333,3250.0,158.0,360.0,1.0,Urban,200-500,0-12.5K,0-5K,1
553,0,Not Graduate,No,2454,2333.0,181.0,360.0,0.0,Urban,200-500,0-12.5K,0-5K,0
554,0,Graduate,No,3593,4266.0,132.0,180.0,0.0,Rural,100-200,0-12.5K,0-5K,0
555,1,Graduate,No,5468,1032.0,26.0,360.0,1.0,Semiurban,200-500,0-12.5K,0-5K,1
557,3+,Graduate,Yes,10139,0.0,260.0,360.0,1.0,Semiurban,200-500,0-12.5K,0-5K,1
558,0,Graduate,No,3887,2669.0,162.0,360.0,1.0,Semiurban,200-500,0-12.5K,0-5K,1
559,0,Graduate,No,4180,2306.0,182.0,360.0,1.0,Semiurban,200-500,0-12.5K,0-5K,1
560,2,Not Graduate,No,3675,242.0,108.0,360.0,1.0,Semiurban,200-500,0-12.5K,0-5K,1
561,1,Graduate,Yes,19484,0.0,600.0,360.0,1.0,Semiurban,200-500,12.5K-25K,0-5K,1
562,0,Graduate,No,5923,2054.0,211.0,360.0,1.0,Rural,200-500,0-12.5K,0-5K,1
563,0,Not Graduate,Yes,5800,0.0,132.0,360.0,1.0,Semiurban,200-500,0-12.5K,0-5K,1
564,2,Graduate,No,8799,0.0,258.0,360.0,0.0,Urban,200-500,0-12.5K,0-5K,0
566,0,Graduate,No,3333,0.0,70.0,360.0,1.0,Urban,200-500,0-12.5K,0-5K,1
567,3+,Graduate,No,3400,2500.0,123.0,360.0,0.0,Rural,200-500,0-12.5K,0-5K,0
568,0,Graduate,No,2378,0.0,9.0,360.0,1.0,Urban,200-500,0-12.5K,0-5K,0
569,0,Graduate,No,3166,2064.0,104.0,360.0,0.0,Urban,200-500,0-12.5K,0-5K,0
570,1,Graduate,No,3417,1750.0,186.0,360.0,1.0,Urban,200-500,0-12.5K,0-5K,1
571,nan,Graduate,No,5116,1451.0,165.0,360.0,0.0,Urban,200-500,0-12.5K,0-5K,0
572,2,Graduate,No,16666,0.0,275.0,360.0,1.0,Urban,200-500,12.5K-25K,0-5K,1
573,2,Not Graduate,No,6125,1625.0,187.0,480.0,1.0,Semiurban,200-500,0-12.5K,0-5K,0
574,3+,Graduate,No,6406,0.0,150.0,360.0,1.0,Semiurban,200-500,0-12.5K,0-5K,0
575,2,Graduate,No,3159,461.0,108.0,84.0,1.0,Urban,10-100,0-12.5K,0-5K,1
577,0,Graduate,No,3229,2739.0,110.0,360.0,1.0,Urban,200-500,0-12.5K,0-5K,1
578,1,Graduate,No,1782,2232.0,107.0,360.0,1.0,Rural,200-500,0-12.5K,0-5K,1
580,2,Graduate,No,6540,0.0,205.0,360.0,1.0,Semiurban,200-500,0-12.5K,0-5K,1
581,0,Graduate,No,1836,33837.0,90.0,360.0,1.0,Urban,200-500,0-12.5K,10K+,0
582,0,Graduate,No,3166,0.0,36.0,360.0,1.0,Semiurban,200-500,0-12.5K,0-5K,1
584,1,Graduate,No,2787,1917.0,146.0,360.0,0.0,Rural,200-500,0-12.5K,0-5K,0
585,1,Graduate,No,4283,3000.0,172.0,84.0,1.0,Rural,10-100,0-12.5K,0-5K,0
586,0,Graduate,No,2297,1522.0,104.0,360.0,1.0,Urban,200-500,0-12.5K,0-5K,1
587,0,Not Graduate,No,2165,0.0,70.0,360.0,1.0,Semiurban,200-500,0-12.5K,0-5K,1
589,2,Graduate,Yes,2726,0.0,106.0,360.0,0.0,Semiurban,200-500,0-12.5K,0-5K,0
590,0,Graduate,No,3000,3416.0,56.0,180.0,1.0,Semiurban,100-200,0-12.5K,0-5K,1
591,2,Graduate,Yes,6000,0.0,205.0,240.0,1.0,Semiurban,200-500,0-12.5K,0-5K,0
593,0,Graduate,No,3859,3300.0,142.0,180.0,1.0,Rural,100-200,0-12.5K,0-5K,1
594,0,Graduate,Yes,16120,0.0,260.0,360.0,1.0,Urban,200-500,12.5K-25K,0-5K,1
595,0,Not Graduate,No,3833,0.0,110.0,360.0,1.0,Rural,200-500,0-12.5K,0-5K,1
596,2,Not Graduate,Yes,6383,1000.0,187.0,360.0,1.0,Rural,200-500,0-12.5K,0-5K,0
597,nan,Graduate,No,2987,0.0,88.0,360.0,0.0,Semiurban,200-500,0-12.5K,0-5K,0
598,0,Graduate,Yes,9963,0.0,180.0,360.0,1.0,Rural,200-500,0-12.5K,0-5K,1
599,2,Graduate,No,5780,0.0,192.0,360.0,1.0,Urban,200-500,0-12.5K,0-5K,1
602,3+,Graduate,No,5703,0.0,128.0,360.0,1.0,Urban,200-500,0-12.5K,0-5K,1
603,0,Graduate,No,3676,4301.0,172.0,360.0,1.0,Rural,200-500,0-12.5K,0-5K,1
604,1,Graduate,No,12000,0.0,496.0,360.0,1.0,Semiurban,200-500,0-12.5K,0-5K,1
605,0,Not Graduate,No,2400,3800.0,146.41,180.0,1.0,Urban,100-200,0-12.5K,0-5K,0
606,1,Graduate,No,3400,2500.0,173.0,360.0,1.0,Semiurban,200-500,0-12.5K,0-5K,1
607,2,Not Graduate,No,3987,1411.0,157.0,360.0,1.0,Rural,200-500,0-12.5K,0-5K,1
608,0,Graduate,No,3232,1950.0,108.0,360.0,1.0,Rural,200-500,0-12.5K,0-5K,1
609,0,Graduate,No,2900,0.0,71.0,360.0,1.0,Rural,200-500,0-12.5K,0-5K,1
610,3+,Graduate,No,4106,0.0,40.0,180.0,1.0,Rural,100-200,0-12.5K,0-5K,1
611,1,Graduate,No,8072,240.0,253.0,360.0,1.0,Urban,200-500,0-12.5K,0-5K,1
612,2,Graduate,No,7583,0.0,187.0,360.0,1.0,Urban,200-500,0-12.5K,0-5K,1
613,0,Graduate,Yes,4583,0.0,133.0,360.0,0.0,Semiurban,200-500,0-12.5K,0-5K,0
